{"episode_types": ["t", "t", "t", "t", "t", "t", "t", "t", "t", "t"], "episode_lengths": [10, 11, 11, 11, 11, 11, 11, 12, 11, 12], "timestamps": [1539485268.311578, 1539485268.544135, 1539485268.806314, 1539485269.023054, 1539485269.231427, 1539485269.448625, 1539485269.644993, 1539485269.872323, 1539485270.087315, 1539485270.348714], "initial_reset_timestamp": 1539485268.11736, "episode_rewards": [1.52795293332074, 7.970422367768017, -0.0027577845859740845, 0.02579276925762053, 5.748862157039758, 1.8999879654320457, 0.012866412732821186, -0.001576905503463899, 0.13828445300900716, 7.959139766146855]}